campaign_id,brand,category,platform,total_budget,start_date,end_date,target_creator_tier
C01,Brand_01,gaming,instagram,97000,2025-07-08,2025-09-03,micro
C02,Brand_02,gaming,instagram,110000,2025-07-22,2025-09-16,micro
C03,Brand_03,gaming,instagram,518000,2025-07-28,2025-09-19,mid
C04,Brand_04,gaming,instagram,25000,2025-08-14,2025-11-08,nano
C05,Brand_05,gaming,youtube,25000,2025-02-12,2025-04-07,nano
C06,Brand_06,gaming,youtube,99000,2025-11-13,2026-02-07,micro
C07,Brand_07,gaming,youtube,118000,2025-09-23,2025-10-27,micro
C08,Brand_08,gaming,youtube,208000,2025-08-11,2025-09-15,micro
C09,Brand_09,FMCG,instagram,25000,2025-10-31,2025-12-06,nano
C10,Brand_10,FMCG,instagram,75000,2025-11-13,2026-01-24,micro
C11,Brand_11,FMCG,instagram,25000,2025-11-08,2026-01-06,nano
C12,Brand_12,FMCG,instagram,637000,2025-04-29,2025-07-28,mid
C13,Brand_13,FMCG,youtube,25000,2025-09-20,2025-11-30,nano
C14,Brand_14,FMCG,youtube,96000,2025-11-06,2026-01-27,micro
C15,Brand_15,FMCG,youtube,25000,2025-10-13,2025-12-17,nano
C16,Brand_16,FMCG,youtube,55000,2025-07-01,2025-08-04,micro
C17,Brand_17,finance,instagram,2977000,2025-06-21,2025-09-22,macro
C18,Brand_18,finance,instagram,6820000,2025-01-06,2025-04-01,macro
C19,Brand_19,finance,instagram,25000,2025-09-28,2026-01-02,nano
C20,Brand_20,finance,instagram,641000,2025-11-11,2026-01-07,mid
C21,Brand_21,finance,youtube,25000,2025-06-22,2025-08-07,nano
C22,Brand_22,finance,youtube,25000,2025-07-20,2025-09-20,nano
C23,Brand_23,finance,youtube,903000,2025-04-25,2025-06-21,mid
C24,Brand_24,finance,youtube,1074000,2025-04-18,2025-06-01,mid
C25,Brand_25,D2C,instagram,25000,2025-06-18,2025-08-24,nano
C26,Brand_26,D2C,instagram,896000,2025-07-14,2025-09-01,mid
C27,Brand_27,D2C,instagram,25000,2025-07-10,2025-09-18,nano
C28,Brand_28,D2C,instagram,909000,2025-11-05,2026-01-07,mid
C29,Brand_29,D2C,youtube,125000,2025-03-10,2025-05-31,micro
C30,Brand_30,D2C,youtube,525000,2025-12-14,2026-03-16,mid
C31,Brand_31,D2C,youtube,25000,2025-08-06,2025-10-12,nano
C32,Brand_32,D2C,youtube,157000,2025-09-20,2025-12-28,micro
C33,Brand_33,entertainment,instagram,1398000,2025-07-20,2025-10-06,mid
C34,Brand_34,entertainment,instagram,25000,2025-08-09,2025-10-07,nano
C35,Brand_35,entertainment,instagram,137000,2025-03-19,2025-05-18,micro
C36,Brand_36,entertainment,instagram,25000,2025-06-02,2025-07-03,nano
C37,Brand_37,entertainment,youtube,11858000,2025-09-10,2025-11-14,macro
C38,Brand_38,entertainment,youtube,27000,2025-04-07,2025-05-14,nano
C39,Brand_39,entertainment,youtube,25000,2025-07-15,2025-09-05,nano
C40,Brand_40,entertainment,youtube,107000,2025-07-03,2025-08-29,micro
