creator_id,platform,follower_count,tier,account_age_months,historical_avg_views_per_post,historical_completion_rate
CR001,instagram,27024,micro,15,12823,0.667
CR002,youtube,31633,micro,64,25173,0.5
CR003,instagram,2155,nano,3,457,0
CR004,instagram,2692,nano,7,637,0
CR005,instagram,57223,micro,37,13065,0.25
CR006,instagram,32189,micro,48,4161,1
CR007,youtube,38247,micro,22,39376,0.571
CR008,youtube,49254,micro,9,62922,0.889
CR009,instagram,139704,mid,45,80159,1
CR010,youtube,24676,micro,15,26075,0.5
CR011,youtube,5391,nano,33,3652,0.286
CR012,instagram,27819,micro,34,20765,0.5
CR013,youtube,1545355,macro,23,147571,1
CR014,youtube,3918,nano,36,5239,0.333
CR015,instagram,2726494,macro,18,812502,0.75
CR016,instagram,15632,micro,65,7766,0.5
CR017,instagram,2556,nano,3,683,0
CR018,youtube,140817,mid,37,167434,0.857
CR019,youtube,27379,micro,26,11435,0.333
CR020,instagram,3307755,macro,14,756924,0.75
CR021,instagram,2350,nano,30,2957,0
CR022,instagram,1829,nano,44,829,0
CR023,instagram,3473,nano,14,339,0
CR024,instagram,1147,nano,29,7461,0.25
CR025,instagram,669373,mid,39,364282,0.5
CR026,instagram,38612,micro,17,23184,0.75
CR027,instagram,3767335,macro,55,8294869,0.8
CR028,instagram,3273,nano,72,1386,0.5
CR029,youtube,223839,mid,34,27307,0.5
CR030,youtube,2423,nano,62,628,0
CR031,instagram,2921,nano,69,4183,0.333
CR032,instagram,57335,micro,6,20385,0.571
CR033,youtube,34424,micro,16,62887,0.545
CR034,instagram,16672,micro,26,15780,0.5
CR035,instagram,17030,micro,48,6773,0.333
CR036,instagram,3780,nano,63,1005,0
CR037,youtube,1226,nano,19,454,0
CR038,youtube,2510,nano,58,3151,0.2
CR039,instagram,92298,micro,7,22187,1
CR040,instagram,35795,micro,30,11997,0.333
CR041,instagram,828164,mid,69,125452,1
CR042,youtube,200622,mid,59,79117,0.429
CR043,instagram,197680,mid,41,13352,0.333
CR044,instagram,240879,mid,63,133200,0.714
CR045,youtube,2102,nano,40,604,0
CR046,youtube,244765,mid,70,151054,0.714
CR047,youtube,28663,micro,16,13963,0.286
CR048,instagram,27940,micro,32,2003,0
CR049,instagram,64573,micro,9,8293,0.333
CR050,youtube,487476,mid,5,582151,1
CR051,youtube,5051,nano,65,6796,0.5
CR052,instagram,27902,micro,21,20886,0.5
CR053,instagram,40263,micro,51,4249,0.5
CR054,instagram,3332,nano,19,1498,0.25
CR055,instagram,534197,mid,54,212444,0.75
CR056,youtube,4886,nano,8,918,0
CR057,youtube,607384,mid,15,245411,0.714
CR058,instagram,32350,micro,12,6187,0.2
CR059,instagram,25131,micro,55,51189,0.667
CR060,instagram,16406,micro,52,23387,0.5
CR061,instagram,162973,mid,38,26852,0.4
CR062,instagram,3206,nano,36,1660,0
CR063,youtube,94581,micro,61,237394,0.875
CR064,youtube,15264,micro,20,24291,0.375
CR065,instagram,313933,mid,38,166797,1
CR066,youtube,2509,nano,59,232,0
CR067,instagram,16382,micro,34,21706,1
CR068,instagram,38684,micro,28,119758,0.667
CR069,instagram,2455,nano,6,1353,0
CR070,instagram,43245,micro,53,172148,1
CR071,instagram,237415,mid,41,53232,0.5
CR072,youtube,35468,micro,59,42765,0.636
CR073,instagram,3381,nano,37,1464,0
CR074,instagram,228478,mid,67,131823,0.333
CR075,instagram,4906,nano,12,13620,0.25
CR076,instagram,2832,nano,58,4816,0.667
CR077,youtube,14261,micro,65,13172,0.375
CR078,instagram,134714,mid,40,12006,0
CR079,instagram,36819,micro,33,20087,0.833
CR080,instagram,9253,nano,15,1597,0
CR081,instagram,49069,micro,57,54363,0.667
CR082,youtube,5833,nano,55,11979,0.375
CR083,youtube,41343,micro,54,29908,0.556
CR084,instagram,23746,micro,32,7998,0.333
CR085,instagram,23303,micro,54,6417,0.333
CR086,instagram,232378,mid,49,140023,0.5
CR087,instagram,24608,micro,67,29377,0.75
CR088,youtube,6146,nano,4,1793,0.167
CR089,instagram,3244801,macro,69,1180732,0.833
CR090,instagram,7424,nano,46,390,0
CR091,instagram,1199,nano,65,366,0
CR092,instagram,233517,mid,47,108195,0.5
CR093,instagram,45229,micro,3,8400,0.333
CR094,instagram,1577,nano,22,451,0
CR095,instagram,35079,micro,22,25118,0.75
CR096,instagram,4207,nano,8,2134,0
CR097,youtube,265516,mid,15,27826,0.5
CR098,youtube,182305,mid,14,74160,0.6
CR099,instagram,4118,nano,40,874,0
CR100,instagram,1909718,macro,66,1074503,0.75
CR101,youtube,2514,nano,40,2249,0.2
CR102,instagram,4592,nano,64,1735,0
CR103,instagram,20940,micro,31,5779,0.2
CR104,instagram,91405,micro,11,36453,1
CR105,instagram,70494,micro,53,25572,0.667
CR106,instagram,30012,micro,10,3381,0
CR107,youtube,3230,nano,43,994,0
CR108,instagram,337135,mid,71,51087,0.6
CR109,instagram,1123,nano,36,2179,0
CR110,youtube,6370702,macro,16,5084153,0.75
CR111,youtube,3185223,macro,52,1726763,1
CR112,instagram,4198,nano,68,1147,0
CR113,youtube,2241,nano,9,3588,0.5
CR114,instagram,332126,mid,39,97236,0.4
CR115,youtube,2952,nano,17,877,0
CR116,youtube,7118,nano,69,4307,0.3
CR117,instagram,1336,nano,41,450,0
CR118,instagram,28190,micro,46,22235,0.2
CR119,instagram,9871,nano,16,3376,0
CR120,instagram,16973,micro,27,12436,0.5
CR121,instagram,2300,nano,64,1922,0
CR122,instagram,209718,mid,31,515442,0.75
CR123,instagram,382384,mid,9,79230,1
CR124,instagram,2551,nano,53,4234,0.4
CR125,youtube,2053,nano,23,777,0
CR126,instagram,2147,nano,13,2217,1
CR127,instagram,205381,mid,34,29083,0
CR128,instagram,41895,micro,54,5487,0.5
CR129,instagram,3059,nano,31,214,0
CR130,instagram,16578,micro,58,13569,1
CR131,youtube,176006,mid,30,82978,0.6
CR132,instagram,9627,nano,53,7923,0.167
CR133,instagram,2739,nano,53,518,0
CR134,youtube,3071,nano,7,1016,0
CR135,instagram,155285,mid,47,56442,0.667
CR136,instagram,181481,mid,66,102002,0.667
CR137,instagram,298399,mid,61,246999,0.6
CR138,instagram,475760,mid,31,43928,0.5
CR139,instagram,3659,nano,42,1748,0
CR140,youtube,2554,nano,72,1567,0
CR141,instagram,6947,nano,72,4618,0.25
CR142,instagram,176078,mid,44,40584,0.5
CR143,instagram,35218,micro,50,20548,0.6
CR144,instagram,6723,nano,9,2109,0.167
CR145,instagram,5844,nano,58,5654,0.5
CR146,instagram,44733,micro,71,112365,0.75
CR147,youtube,560494,mid,22,42984,0.75
CR148,instagram,16484,micro,54,1279,0
CR149,youtube,29452,micro,62,21737,0.3
CR150,instagram,2869,nano,70,2306,0
CR151,instagram,4497538,macro,24,1449186,0.75
CR152,youtube,3734636,macro,72,5336777,1
CR153,youtube,14848,micro,5,13504,0.25
CR154,instagram,34647,micro,57,29102,0.667
CR155,instagram,3836,nano,27,16245,1
CR156,instagram,47708,micro,43,41075,1
CR157,youtube,287705,mid,20,103665,1
CR158,youtube,1138,nano,60,1314,0
CR159,youtube,443699,mid,38,1559988,0.75
CR160,instagram,106500,mid,30,144171,0.75
CR161,instagram,331219,mid,68,341199,0.6
CR162,instagram,34576,micro,21,13513,0.333
CR163,youtube,57261,micro,65,35910,0.6
CR164,instagram,5894,nano,25,1653,0
CR165,instagram,13695,micro,34,1595,0
CR166,instagram,23083,micro,18,23887,0.667
CR167,instagram,190332,mid,18,566684,1
CR168,youtube,19124,micro,26,5207,0.222
CR169,instagram,1595,nano,35,3922,0.4
CR170,instagram,2234,nano,20,7991,0
CR171,youtube,19097,micro,9,32294,0.364
CR172,youtube,1255,nano,31,575,0
CR173,youtube,20563,micro,19,10017,0.417
CR174,youtube,248467,mid,16,230490,0.8
CR175,youtube,163039,mid,23,207201,0.75
CR176,instagram,3298,nano,54,950,0
CR177,instagram,996416,mid,32,72308,0
CR178,instagram,164068,mid,26,94364,0.5
CR179,youtube,45780,micro,10,42986,0.364
CR180,instagram,532916,mid,47,315427,0.857
CR181,instagram,3968,nano,7,3497,1
CR182,instagram,5736,nano,54,1466,0.5
CR183,instagram,53325,micro,14,13464,0
CR184,youtube,2231,nano,17,1844,0.25
CR185,instagram,6317,nano,31,15084,0.75
CR186,instagram,3099028,macro,32,3892130,0.75
CR187,youtube,791185,mid,68,262054,0.6
CR188,youtube,4722,nano,49,3957,0.286
CR189,instagram,268159,mid,30,29423,0.5
CR190,youtube,21112,micro,6,18680,0.417
CR191,instagram,361457,mid,55,38999,0.25
CR192,youtube,36185,micro,58,6777,0.417
CR193,youtube,3972535,macro,34,1417177,1
CR194,instagram,3087322,macro,15,493630,0.75
CR195,instagram,4668,nano,72,1370,0.5
CR196,instagram,3153,nano,22,1522,0.25
CR197,instagram,5970810,macro,14,1279056,1
CR198,youtube,26643,micro,55,6825,0.231
CR199,instagram,9041,nano,57,6465,0.5
CR200,instagram,3156,nano,15,278,0
CR201,instagram,2370,nano,18,362,0
CR202,youtube,2226334,macro,25,2067883,1
CR203,instagram,5525522,macro,16,3789519,1
CR204,instagram,2791249,macro,17,900471,0.857
CR205,instagram,24007,micro,13,15371,0.75
CR206,instagram,2250,nano,55,1062,0.25
CR207,youtube,2367,nano,51,2835,0.143
CR208,instagram,2749,nano,52,1004,0.2
CR209,youtube,77021,micro,45,36172,0.5
CR210,youtube,90437,micro,54,425104,1
CR211,instagram,346949,mid,8,83975,0.333
CR212,youtube,2096,nano,15,1226,0.25
CR213,youtube,2445,nano,55,1165,0
CR214,instagram,444621,mid,53,431963,1
CR215,instagram,268169,mid,9,127126,0.6
CR216,youtube,1797,nano,50,801,0
CR217,instagram,7446,nano,8,7847,0.333
CR218,youtube,1467,nano,4,1196,0
CR219,youtube,3147,nano,20,1495,0
CR220,youtube,2181332,macro,46,727713,1
CR221,youtube,88509,micro,67,71555,0.7
CR222,instagram,1890,nano,58,2850,0.5
CR223,instagram,38473,micro,50,35528,1
CR224,instagram,44666,micro,19,30413,0
CR225,instagram,24055,micro,60,19498,0.5
CR226,instagram,531427,mid,47,73795,0.667
CR227,instagram,52299,micro,22,57993,0.667
CR228,instagram,3825,nano,15,917,0
CR229,instagram,2343,nano,53,882,0.25
CR230,instagram,460678,mid,32,60030,0.333
CR231,instagram,1758,nano,53,3481,0.25
CR232,youtube,56073,micro,46,78024,0.818
CR233,instagram,659405,mid,33,175565,0.571
CR234,instagram,6249,nano,22,1913,0
CR235,instagram,25501,micro,50,4192,0.5
CR236,instagram,22469,micro,55,35654,0.333
CR237,instagram,244224,mid,49,35035,0.333
CR238,instagram,28841,micro,63,4708,0.25
CR239,instagram,25662,micro,31,29975,0.667
CR240,instagram,3904,nano,21,4273,0.333
CR241,youtube,540329,mid,70,854245,0.8
CR242,instagram,3467,nano,20,6815,0.5
CR243,youtube,4162727,macro,29,794683,1
CR244,instagram,45570,micro,41,45568,0.5
CR245,instagram,45804,micro,54,7309,0.5
CR246,instagram,18715,micro,41,14246,0.5
CR247,instagram,3515,nano,10,970,0.333
CR248,youtube,47798,micro,63,88883,0.75
CR249,youtube,112000,mid,26,118639,0.667
CR250,instagram,21364,micro,34,22556,0.75
CR251,instagram,3312,nano,43,442,0
CR252,instagram,2669,nano,48,1661,0.2
CR253,instagram,5252,nano,19,2223,0.25
CR254,instagram,2778,nano,18,592,0.5
CR255,youtube,4430,nano,15,6535,0.25
CR256,youtube,1171,nano,61,344,0
CR257,youtube,12456,micro,45,17607,0.429
CR258,youtube,846904,mid,26,1074936,1
CR259,youtube,5026,nano,51,1670,0.2
CR260,instagram,508133,mid,64,34845,0
CR261,instagram,10887,micro,8,20038,0.333
CR262,youtube,5867,nano,68,7325,0.4
CR263,instagram,4742,nano,48,1215,0
CR264,instagram,33122,micro,41,4889,0.667
CR265,youtube,37038,micro,46,377345,0.667
CR266,instagram,59125,micro,52,35601,1
CR267,youtube,2116922,macro,16,3805511,1
CR268,youtube,2438,nano,21,9567,0.167
CR269,instagram,2954422,macro,3,5753561,0.8
CR270,youtube,5295,nano,29,3511,0.167
CR271,instagram,4405,nano,36,4822,0.333
CR272,instagram,49213,micro,39,18351,0.75
CR273,youtube,3016,nano,7,2443,0.125
CR274,youtube,2377,nano,64,1091,0
CR275,instagram,206150,mid,14,140604,0.75
CR276,youtube,3670,nano,18,11982,0.333
CR277,youtube,318833,mid,71,612946,1
CR278,instagram,1407,nano,5,1145,0
CR279,instagram,18769,micro,64,3302,0
CR280,instagram,20158,micro,71,4805,0
CR281,youtube,429173,mid,20,308742,0.857
CR282,instagram,23247,micro,16,3904,0
CR283,instagram,2518299,macro,51,1313645,0.857
CR284,instagram,8137,nano,62,964,0
CR285,instagram,13862,micro,11,2072,0
CR286,instagram,2681,nano,5,585,0
CR287,instagram,618067,mid,19,184122,1
CR288,instagram,4985,nano,71,4858,0.333
CR289,instagram,46250,micro,25,15075,0.667
CR290,instagram,360528,mid,45,352637,1
CR291,youtube,5565,nano,13,2894,0.111
CR292,instagram,3676,nano,24,805,0
CR293,instagram,340425,mid,65,45591,0.667
CR294,instagram,4590,nano,60,766,0.167
CR295,youtube,52183,micro,68,15075,0.429
CR296,instagram,174179,mid,16,48120,0.4
CR297,youtube,4653058,macro,7,2927683,1
CR298,youtube,478535,mid,23,105806,0.5
CR299,youtube,25771,micro,51,20164,0.556
CR300,youtube,38659,micro,24,53653,0.6
CR301,youtube,4599,nano,28,2599,0.25
CR302,instagram,4802,nano,40,942,0
CR303,youtube,4357,nano,71,4752,0.2
CR304,instagram,2290,nano,10,633,0
CR305,instagram,47946,micro,8,14139,1
CR306,instagram,3020,nano,48,1137,0
CR307,instagram,5466,nano,38,19965,1
CR308,instagram,64826,micro,31,55896,0.667
CR309,youtube,24545,micro,8,10708,0.222
CR310,youtube,244550,mid,44,291050,0.8
CR311,instagram,261639,mid,72,77759,0.667
CR312,youtube,55093,micro,6,63130,0.714
CR313,youtube,2535439,macro,50,645496,1
CR314,instagram,297241,mid,58,778487,0.8
CR315,instagram,40282,micro,48,10728,0
CR316,instagram,4061,nano,36,1588,0.333
CR317,youtube,78907,micro,63,90220,0.5
CR318,instagram,2686,nano,32,373,0
CR319,instagram,11081,micro,12,10960,0.4
CR320,instagram,3413,nano,15,1546,0
CR321,youtube,5384,nano,16,327,0
CR322,instagram,4415,nano,44,2217,0
CR323,youtube,2871,nano,17,535,0
CR324,youtube,45881,micro,52,28191,0.714
CR325,youtube,3419,nano,44,1218,0.125
CR326,instagram,43842,micro,58,31053,1
CR327,youtube,4882,nano,45,2288,0.2
CR328,instagram,453704,mid,30,157198,0.75
CR329,youtube,2076,nano,6,899,0.167
CR330,instagram,32688,micro,66,16736,0.333
CR331,instagram,42661,micro,6,4883,0
CR332,youtube,2248,nano,19,1752,0.2
CR333,instagram,1641,nano,20,2965,0.2
CR334,instagram,29299,micro,63,42563,0.4
CR335,instagram,1661,nano,15,1333,0.25
CR336,instagram,330847,mid,61,22653,0.5
CR337,instagram,1383,nano,47,2131,0
CR338,instagram,1729,nano,65,815,0.333
CR339,instagram,30318,micro,30,52828,0.5
CR340,instagram,295012,mid,41,63076,0.4
CR341,youtube,5229,nano,65,6121,0.25
CR342,youtube,1851,nano,6,3905,0.2
CR343,instagram,25939,micro,50,9174,1
CR344,instagram,27698,micro,55,15399,0.75
CR345,instagram,31699,micro,44,2164,0
CR346,instagram,55884,micro,35,85491,0.667
CR347,instagram,27592,micro,59,23639,1
CR348,youtube,20982,micro,59,9223,0.3
CR349,instagram,4247974,macro,19,2173948,0.667
CR350,instagram,465135,mid,10,352326,1
CR351,youtube,324786,mid,15,198958,1
CR352,instagram,34564,micro,16,15658,0.5
CR353,youtube,455825,mid,8,91237,0.8
CR354,instagram,319780,mid,14,305998,0.857
CR355,instagram,39145,micro,64,12001,0.6
CR356,instagram,4712260,macro,49,1251532,0.5
CR357,instagram,3923,nano,60,1609,0.333
CR358,instagram,352758,mid,20,734064,0.5
CR359,instagram,7516,nano,6,17957,0.5
CR360,instagram,3383,nano,67,2264,0.2
CR361,instagram,24508,micro,27,25022,1
CR362,instagram,24522,micro,29,5508,1
CR363,youtube,1125,nano,9,4804,0.143
CR364,instagram,224859,mid,49,118039,0.667
CR365,instagram,4075,nano,69,1191,0
CR366,youtube,2752,nano,39,7357,0.5
CR367,instagram,5568,nano,30,7837,0.667
CR368,instagram,7983,nano,47,433,0
CR369,youtube,29709,micro,34,31586,0.7
CR370,youtube,2067,nano,52,52006,0.2
CR371,instagram,480358,mid,34,183537,0.6
CR372,instagram,2152231,macro,38,1434413,0.8
CR373,instagram,27526,micro,54,5311,0
CR374,instagram,7907,nano,50,7818,0.6
CR375,instagram,41479,micro,65,9970,0.5
CR376,instagram,325302,mid,71,120943,0.333
CR377,youtube,11341,micro,44,6285,0.2
CR378,instagram,1736,nano,25,1487,0
CR379,instagram,1371,nano,63,1193,0
CR380,instagram,1689,nano,43,1257,0
CR381,instagram,260148,mid,57,140181,0.4
CR382,instagram,2627,nano,66,412,0
CR383,instagram,366001,mid,12,167403,0.5
CR384,instagram,35608,micro,5,6507,0.2
CR385,instagram,4638,nano,45,2346,0.2
CR386,youtube,353250,mid,54,223152,0.714
CR387,youtube,2028,nano,56,3151,0.167
CR388,instagram,182389,mid,21,99010,0.5
CR389,instagram,24741,micro,30,76284,0.75
CR390,instagram,64627,micro,69,519115,1
CR391,instagram,24822,micro,62,14196,0.833
CR392,youtube,31540,micro,44,89031,0.5
CR393,instagram,43186,micro,6,15354,0.667
CR394,youtube,242183,mid,35,119940,0.6
CR395,instagram,1894759,macro,37,402443,0.667
CR396,youtube,2225,nano,58,1540,0
CR397,instagram,17754,micro,16,106666,0.6
CR398,youtube,34560,micro,43,63867,0.75
CR399,youtube,37152,micro,36,40562,0.857
CR400,youtube,73740,micro,52,25744,0.727
CR401,youtube,42118,micro,35,23231,0.444
CR402,youtube,58804,micro,56,22116,0.25
CR403,youtube,1691027,macro,29,598632,1
CR404,instagram,36335,micro,18,13577,0.333
CR405,instagram,433579,mid,67,88494,0.75
CR406,youtube,16204,micro,24,13405,0.308
CR407,youtube,3586,nano,56,2105,0
CR408,instagram,27603,micro,60,8514,0.4
CR409,instagram,320116,mid,71,65405,0.667
CR410,instagram,1504,nano,42,243,0
CR411,youtube,2126,nano,16,2032,0
CR412,instagram,367762,mid,53,59575,0.5
CR413,instagram,4384,nano,31,1736,0
CR414,instagram,1971,nano,68,3996,0.333
CR415,instagram,34553,micro,35,35859,1
CR416,youtube,650671,mid,17,467583,1
CR417,youtube,3275,nano,48,3741,0.25
CR418,instagram,145331,mid,47,41051,0.5
CR419,youtube,1728,nano,26,1284,0
CR420,instagram,147991,mid,40,22564,0
CR421,instagram,8032,nano,10,4463,0.333
CR422,instagram,31659,micro,14,10430,0.75
CR423,instagram,1887,nano,52,1031,0
CR424,instagram,3669,nano,19,959,0.333
CR425,youtube,1342,nano,50,681,0
CR426,youtube,30078,micro,46,8722,0.4
CR427,instagram,2417,nano,29,753,0
CR428,instagram,24280,micro,27,34126,1
CR429,instagram,231435,mid,7,881005,0.75
CR430,instagram,301124,mid,7,87820,1
CR431,instagram,2912,nano,26,2429,0.25
CR432,instagram,30307,micro,4,9501,0
CR433,youtube,25086,micro,47,14627,0.222
CR434,instagram,458733,mid,46,35522,1
CR435,instagram,36872,micro,30,68788,1
CR436,youtube,20403,micro,10,12649,0.333
CR437,instagram,430390,mid,49,144594,1
CR438,youtube,365250,mid,71,65206,1
CR439,instagram,229593,mid,51,54104,0.571
CR440,instagram,6014010,macro,58,1330452,0.8
CR441,instagram,60377,micro,13,4351,0
CR442,instagram,58799,micro,48,41422,1
CR443,instagram,90148,micro,16,16940,1
CR444,youtube,175723,mid,22,103655,0.667
CR445,youtube,33073,micro,15,42988,0.6
CR446,instagram,14441,micro,4,12771,0.5
CR447,instagram,1462,nano,6,1353,0.5
CR448,youtube,12899,micro,4,12801,0.5
CR449,youtube,349545,mid,64,703136,0.714
CR450,instagram,320094,mid,32,72968,0.333
CR451,youtube,5155,nano,15,5223,0.4
CR452,youtube,318111,mid,62,10434410,0.857
CR453,instagram,139682,mid,23,70027,0.4
CR454,instagram,4494,nano,25,1379,0
CR455,instagram,6019,nano,47,30081,0.5
CR456,instagram,46004,micro,30,18271,0.4
CR457,instagram,2483,nano,8,4111,0.333
CR458,instagram,270515,mid,24,45358,0
CR459,instagram,3289,nano,40,588,0.25
CR460,instagram,2120,nano,44,318,0
CR461,instagram,236665,mid,41,107102,1
CR462,youtube,12111,micro,14,5784,0.273
CR463,instagram,3734,nano,66,2047,1
CR464,instagram,313712,mid,39,797990,0.75
CR465,instagram,22540,micro,51,2915,0
CR466,instagram,837989,mid,26,77898,0.333
CR467,youtube,404159,mid,17,1678192,1
CR468,youtube,41417,micro,55,69972,0.5
CR469,instagram,1996,nano,34,112,0
CR470,instagram,256496,mid,5,17735,0.5
CR471,instagram,1800,nano,68,965,0
CR472,youtube,74076,micro,45,43568,0.556
CR473,youtube,60319,micro,41,73984,0.6
CR474,instagram,2977,nano,46,3920,0.5
CR475,instagram,2029,nano,36,1929,0
CR476,youtube,4288,nano,40,2538,0
CR477,instagram,88835,micro,16,19423,0.5
CR478,instagram,6995,nano,50,4159,0.4
CR479,instagram,35694,micro,34,313063,1
CR480,instagram,15818,micro,13,12010,0.333
CR481,instagram,6358,nano,9,2587,0.5
CR482,instagram,19591,micro,66,8212,0.5
CR483,youtube,198578,mid,14,685782,0.75
CR484,instagram,210657,mid,68,21481,0
CR485,instagram,4496,nano,23,1749,0.333
CR486,instagram,512736,mid,47,50845,0.5
CR487,youtube,2662,nano,50,784,0
CR488,instagram,676114,mid,52,134260,0.333
CR489,instagram,2646,nano,71,555,0
CR490,instagram,2498,nano,23,4508,0
CR491,instagram,249467,mid,10,124602,0.4
CR492,youtube,3779,nano,58,1911,0.2
CR493,instagram,22544,micro,51,10038,0.25
CR494,instagram,37574,micro,50,5482,0
CR495,instagram,101982,mid,47,57986,0.667
CR496,youtube,158987,mid,40,137730,0.857
CR497,youtube,3759,nano,22,5442,0.167
CR498,instagram,275394,mid,7,130603,0.667
CR499,instagram,1797,nano,51,208,0
CR500,instagram,34087,micro,22,57418,0.833
CR501,instagram,1439,nano,42,444,0
CR502,instagram,1906,nano,69,1959,0
CR503,youtube,630290,mid,37,2055842,0.8
CR504,instagram,626615,mid,59,323536,0.667
CR505,instagram,45298,micro,34,5682,0.5
CR506,youtube,289883,mid,60,142556,0.8
CR507,youtube,3983,nano,54,5014,0.333
CR508,youtube,304446,mid,68,602558,0.667
CR509,youtube,29727,micro,45,50960,0.6
CR510,instagram,1734,nano,30,1058,0.2
CR511,instagram,1184,nano,50,637,0
CR512,instagram,177375,mid,17,48165,0.6
CR513,youtube,1164,nano,3,2007,0
CR514,instagram,32042,micro,20,11181,0
CR515,instagram,17734,micro,12,49188,0.5
CR516,instagram,5008343,macro,20,521361,0.75
CR517,youtube,2345,nano,10,286,0
CR518,youtube,2854,nano,71,536,0
CR519,instagram,2998,nano,46,1683,0.25
CR520,instagram,326173,mid,53,154912,1
CR521,youtube,57743,micro,40,33129,0.444
CR522,youtube,6283,nano,56,4436,0.333
CR523,youtube,1820,nano,11,2450,0.111
CR524,instagram,5246,nano,14,918,0
CR525,instagram,1609,nano,44,560,0
CR526,instagram,1753,nano,31,121,0
CR527,instagram,21410,micro,9,10213,0.2
CR528,instagram,944389,mid,42,384989,0.75
CR529,youtube,24263,micro,33,41056,0.833
CR530,youtube,1941954,macro,47,317204,1
CR531,youtube,1563,nano,29,1332,0
CR532,instagram,6754,nano,43,1175,0.25
CR533,instagram,1355649,macro,13,3480945,1
CR534,youtube,7908,nano,8,18779,0.2
CR535,instagram,668446,mid,22,562619,1
CR536,instagram,4710,nano,11,1571,0.2
CR537,instagram,56581,micro,49,2458,0
CR538,instagram,62094,micro,27,13275,1
CR539,instagram,14349,micro,14,2640,0
CR540,youtube,151397,mid,33,154158,0.833
CR541,instagram,3486,nano,4,1882,0
CR542,youtube,723557,mid,16,788186,0.8
CR543,youtube,244071,mid,56,120188,0.833
CR544,instagram,24763,micro,15,4621,0
CR545,youtube,68365,micro,9,84967,0.889
CR546,youtube,355346,mid,40,106028,0.857
CR547,instagram,275184,mid,71,68525,0.2
CR548,instagram,2908,nano,12,152,0
CR549,instagram,44478,micro,21,38621,1
CR550,instagram,39946,micro,43,44940,0.8
CR551,instagram,4926,nano,69,599,0
CR552,instagram,37936,micro,10,21416,0.667
CR553,instagram,30055,micro,14,2965,0.333
CR554,instagram,2309,nano,34,684,0
CR555,instagram,32776,micro,52,36850,0.333
CR556,instagram,2630,nano,37,1335,1
CR557,youtube,4907,nano,43,9422,0.286
CR558,instagram,3062,nano,48,1075,0.25
CR559,instagram,5336763,macro,36,1555609,0.75
CR560,instagram,33753,micro,55,2403,0
CR561,instagram,2250,nano,62,378,0
CR562,instagram,1995,nano,23,394,0
CR563,instagram,17869,micro,67,6199,0
CR564,youtube,3136,nano,29,21547,0.667
CR565,instagram,642862,mid,8,711875,1
CR566,instagram,3871,nano,37,909,0
CR567,instagram,269267,mid,65,31955,0.667
CR568,instagram,531253,mid,31,704670,0.5
CR569,instagram,6958,nano,38,2485,0
CR570,instagram,22239,micro,39,23343,0.6
CR571,instagram,215820,mid,35,366563,1
CR572,youtube,266118,mid,6,410314,1
CR573,instagram,3754,nano,22,3758,0.333
CR574,instagram,2511,nano,62,1177,0
CR575,youtube,297062,mid,19,166168,0.833
CR576,instagram,455768,mid,21,177972,0.5
CR577,instagram,46527,micro,20,4738,0
CR578,youtube,6028,nano,53,4838,0.2
CR579,youtube,26573,micro,22,26489,0.6
CR580,instagram,2760,nano,28,3860,0
CR581,youtube,438141,mid,5,41021,0.571
CR582,instagram,637790,mid,24,69716,0.6
CR583,instagram,23552,micro,58,3904,0
CR584,instagram,421164,mid,28,410542,0.75
CR585,instagram,200384,mid,20,393266,1
CR586,instagram,3178,nano,16,1548,0.333
CR587,instagram,4992,nano,70,2544,0
CR588,instagram,32967,micro,16,7384,0.25
CR589,instagram,632466,mid,40,627416,0.833
CR590,instagram,28089,micro,38,19961,0.5
CR591,instagram,5487,nano,61,1532,0.25
CR592,instagram,1573,nano,43,312,0
CR593,instagram,226463,mid,33,128457,0.5
CR594,instagram,590578,mid,32,380428,0.833
CR595,youtube,3599,nano,71,2837,0.125
CR596,instagram,62153,micro,71,37014,1
CR597,youtube,6172,nano,51,1562,0
CR598,instagram,6264,nano,16,1537,0
CR599,youtube,31020,micro,56,21460,0.3
CR600,instagram,2801,nano,30,930,0.167
