campaign_id,milestone_rank,view_threshold,payout_amount
C01,1,10000,500
C01,2,50000,2000
C01,3,100000,5000
C01,4,500000,15000
C02,1,22320,3070
C02,2,41910,6020
C02,3,122480,10590
C02,4,435590,23460
C03,1,10000,500
C03,2,50000,2000
C03,3,100000,5000
C03,4,500000,15000
C04,1,1040,130
C04,2,3270,290
C04,3,16380,1360
C04,4,32470,3690
C05,1,10000,500
C05,2,50000,2000
C05,3,100000,5000
C05,4,500000,15000
C06,1,10330,980
C06,2,29950,2980
C06,3,144070,8470
C06,4,460300,28970
C07,1,10000,500
C07,2,50000,2000
C07,3,100000,5000
C07,4,500000,15000
C08,1,22030,1320
C08,2,66350,3450
C08,3,169940,6840
C08,4,557390,13300
C09,1,10000,500
C09,2,50000,2000
C09,3,100000,5000
C09,4,500000,15000
C10,1,8220,460
C10,2,37890,2290
C10,3,73500,2340
C10,4,375430,23940
C11,1,10000,500
C11,2,50000,2000
C11,3,100000,5000
C11,4,500000,15000
C12,1,184870,9730
C12,2,604230,27070
C12,3,713310,27080
C12,4,2445120,129730
C13,1,10000,500
C13,2,50000,2000
C13,3,100000,5000
C13,4,500000,15000
C14,1,16130,2010
C14,2,66920,10820
C14,3,85580,10830
C14,4,252760,37810
C15,1,10000,500
C15,2,50000,2000
C15,3,100000,5000
C15,4,500000,15000
C16,1,21960,1520
C16,2,54950,3940
C16,3,84120,7630
C16,4,312960,16270
C17,1,10000,500
C17,2,50000,2000
C17,3,100000,5000
C17,4,500000,15000
C18,1,2237630,165560
C18,2,3703440,523210
C18,3,14903280,2002820
C18,4,26002420,3105420
C19,1,10000,500
C19,2,50000,2000
C19,3,100000,5000
C19,4,500000,15000
C20,1,144150,9070
C20,2,410750,14040
C20,3,1884060,141850
C20,4,6055750,475580
C21,1,10000,500
C21,2,50000,2000
C21,3,100000,5000
C21,4,500000,15000
C22,1,1490,120
C22,2,5580,610
C22,3,20170,2060
C22,4,29290,2070
C23,1,10000,500
C23,2,50000,2000
C23,3,100000,5000
C23,4,500000,15000
C24,1,218640,9480
C24,2,569570,19250
C24,3,1004680,81280
C24,4,2145350,109820
C25,1,10000,500
C25,2,50000,2000
C25,3,100000,5000
C25,4,500000,15000
C26,1,80290,5340
C26,2,649710,21850
C26,3,928840,31700
C26,4,5753590,303820
C27,1,10000,500
C27,2,50000,2000
C27,3,100000,5000
C27,4,500000,15000
C28,1,173440,7470
C28,2,372560,11500
C28,3,1353070,41480
C28,4,5668130,403400
C29,1,10000,500
C29,2,50000,2000
C29,3,100000,5000
C29,4,500000,15000
C30,1,91170,8320
C30,2,567570,42570
C30,3,1674120,77880
C30,4,4361300,194790
C31,1,10000,500
C31,2,50000,2000
C31,3,100000,5000
C31,4,500000,15000
C32,1,16660,1070
C32,2,26220,3230
C32,3,137440,16270
C32,4,571710,64670
C33,1,10000,500
C33,2,50000,2000
C33,3,100000,5000
C33,4,500000,15000
C34,1,2280,140
C34,2,5900,230
C34,3,18430,490
C34,4,46930,2800
C35,1,10000,500
C35,2,50000,2000
C35,3,100000,5000
C35,4,500000,15000
C36,1,1040,60
C36,2,5030,300
C36,3,8660,770
C36,4,25740,1610
C37,1,10000,500
C37,2,50000,2000
C37,3,100000,5000
C37,4,500000,15000
C38,1,2230,150
C38,2,6800,420
C38,3,18630,640
C38,4,50500,3590
C39,1,10000,500
C39,2,50000,2000
C39,3,100000,5000
C39,4,500000,15000
C40,1,14050,970
C40,2,51290,4710
C40,3,76070,7760
C40,4,374330,22230
